y_pred,y_true
Agresti,Agresti
Agresti,Agresti
Agresti,Agresti
Agresti,Agresti
Agresti,Agresti
Agresti,Agresti
Ashbacher,Ashbacher
Ashbacher,Ashbacher
Ashbacher,Ashbacher
Messick,Ashbacher
Messick,Ashbacher
Cholette,Ashbacher
Ashbacher,Ashbacher
Power,Ashbacher
Ashbacher,Ashbacher
Ashbacher,Ashbacher
Ashbacher,Ashbacher
Blankenship,Ashbacher
Messick,Ashbacher
Blankenship,Ashbacher
Messick,Ashbacher
Walters,Auken
Auken,Auken
Auken,Auken
Auken,Auken
Walters,Auken
Chell,Auken
Auken,Auken
Auken,Auken
Auken,Auken
Blankenship,Blankenship
Blankenship,Blankenship
Blankenship,Blankenship
Blankenship,Blankenship
Blankenship,Blankenship
Blankenship,Blankenship
Brody,Brody
Brody,Brody
Bukowsky,Brody
Brody,Brody
Brody,Brody
Brody,Brody
Brody,Brody
Morrison,Brody
Riley,Brown
Mitchell,Brown
Cholette,Brown
Brown,Brown
Brown,Brown
Corn,Brown
Brown,Brown
Lovitt,Brown
Nigam,Brown
Bukowsky,Bukowsky
Bukowsky,Bukowsky
Bukowsky,Bukowsky
Bukowsky,Bukowsky
Bukowsky,Bukowsky
Davisson,Bukowsky
Comdet,Bukowsky
Bukowsky,Bukowsky
Bukowsky,Bukowsky
Bukowsky,Bukowsky
Bukowsky,Bukowsky
Bukowsky,Bukowsky
Calvinnme,Calvinnme
Goonan,Calvinnme
Peterson,Calvinnme
Davisson,Calvinnme
Nigam,Calvinnme
Calvinnme,Calvinnme
Calvinnme,Calvinnme
CFH,CFH
CFH,CFH
CFH,CFH
CFH,CFH
Dent,CFH
CFH,CFH
CFH,CFH
CFH,CFH
CFH,CFH
CFH,CFH
CFH,CFH
Corn,Chachra
Blankenship,Chachra
Chachra,Chachra
Nigam,Chachra
Nigam,Chachra
Chachra,Chachra
Chachra,Chachra
Chandler,Chachra
Shea,Chachra
Chandler,Chandler
Neal,Chandler
Chandler,Chandler
Chandler,Chandler
Chandler,Chandler
Chandler,Chandler
Chandler,Chandler
Chell,Chell
Chell,Chell
Davisson,Chell
Walters,Chell
Chell,Chell
Walters,Chell
Chell,Chell
Chell,Chell
Chell,Chell
Comdet,Chell
Chandler,Cholette
Cholette,Cholette
Taylor,Cholette
Cholette,Cholette
Cholette,Cholette
Cholette,Cholette
Riley,Cholette
Cholette,Cholette
Comdet,Comdet
Comdet,Comdet
Comdet,Comdet
Comdet,Comdet
Comdet,Comdet
Comdet,Comdet
Chandler,Comdet
Comdet,Comdet
Agresti,Comdet
Comdet,Comdet
Corn,Corn
Corn,Corn
Corn,Corn
Corn,Corn
Goonan,Corn
Corn,Corn
Corn,Corn
Davisson,Corn
Cutey,Cutey
Cutey,Cutey
Cutey,Cutey
Sherwin,Cutey
Cutey,Cutey
Cutey,Cutey
Cutey,Cutey
Cutey,Cutey
Cutey,Cutey
Cutey,Cutey
Cutey,Cutey
Cutey,Cutey
Lovitt,Davisson
Bukowsky,Davisson
Davisson,Davisson
Peterson,Davisson
Lovitt,Davisson
Davisson,Davisson
Cholette,Dent
Chandler,Dent
Dent,Dent
Dent,Dent
Dent,Dent
Dent,Dent
Chandler,Dent
Mark,Dent
Dent,Dent
Dent,Dent
Engineer,Engineer
Engineer,Engineer
Engineer,Engineer
Engineer,Engineer
Engineer,Engineer
Engineer,Engineer
Engineer,Engineer
Engineer,Engineer
Engineer,Engineer
Engineer,Engineer
Engineer,Engineer
Engineer,Engineer
Goonan,Goonan
Goonan,Goonan
Goonan,Goonan
Goonan,Goonan
Messick,Goonan
Goonan,Goonan
Goonan,Goonan
Goonan,Goonan
Goonan,Goonan
Messick,Goonan
Goonan,Goonan
Davisson,Grove
Grove,Grove
Chandler,Grove
Shea,Grove
Grove,Grove
Chandler,Grove
Grove,Grove
Comdet,Grove
Grove,Grove
Harp,Harp
Harp,Harp
Harp,Harp
Harp,Harp
Harp,Harp
Harp,Harp
Harp,Harp
Hayes,Hayes
Mitchell,Hayes
Harp,Hayes
Hayes,Hayes
Hayes,Hayes
Hayes,Hayes
Hayes,Hayes
Hayes,Hayes
Hayes,Hayes
Janson,Janson
Janson,Janson
Kolln,Janson
Janson,Janson
Janson,Janson
Janson,Janson
Lovitt,Janson
Lovitt,Janson
Calvinnme,Janson
Johnson,Johnson
Johnson,Johnson
Power,Johnson
Davisson,Johnson
Johnson,Johnson
Johnson,Johnson
Mark,Koenig
Neal,Koenig
Koenig,Koenig
Chandler,Koenig
Vision,Koenig
Koenig,Koenig
Mark,Koenig
Mark,Koenig
Koenig,Koenig
Mitchell,Koenig
Kolln,Kolln
Kolln,Kolln
Kolln,Kolln
Kolln,Kolln
Kolln,Kolln
Kolln,Kolln
Kolln,Kolln
Kolln,Kolln
Kolln,Kolln
Kolln,Kolln
Kolln,Kolln
Lawyeraau,Lawyeraau
Lawyeraau,Lawyeraau
Lawyeraau,Lawyeraau
Blankenship,Lawyeraau
Lawyeraau,Lawyeraau
Messick,Lawyeraau
Lawyeraau,Lawyeraau
Robert,Lawyeraau
Peterson,Lawyeraau
Chell,Lee
Chandler,Lee
Chell,Lee
Nigam,Lee
Chandler,Lee
Lee,Lee
Wilson,Lee
Chell,Lee
Chell,Lee
Lee,Lee
Lee,Lee
Lovitt,Lovitt
Agresti,Lovitt
Chandler,Lovitt
Lovitt,Lovitt
Chandler,Lovitt
Lovitt,Lovitt
Lovitt,Lovitt
Neal,Lovitt
Lovitt,Lovitt
Goonan,Mahlers2nd
Mahlers2nd,Mahlers2nd
Mahlers2nd,Mahlers2nd
Chandler,Mahlers2nd
Mahlers2nd,Mahlers2nd
Davisson,Mahlers2nd
Mahlers2nd,Mahlers2nd
Mahlers2nd,Mahlers2nd
Mahlers2nd,Mahlers2nd
Mahlers2nd,Mahlers2nd
Sherwin,Mahlers2nd
Mahlers2nd,Mahlers2nd
Nigam,Mahlers2nd
Engineer,Mark
Mark,Mark
Mark,Mark
Mark,Mark
Chandler,Mark
Mark,Mark
Mark,Mark
Mark,Mark
Messick,McKee
Nigam,McKee
Comdet,McKee
McKee,McKee
Comdet,McKee
Goonan,McKee
McKee,McKee
McKee,McKee
McKee,McKee
McKee,McKee
Goonan,McKee
Merritt,Merritt
Merritt,Merritt
Hayes,Merritt
Merritt,Merritt
Merritt,Merritt
Merritt,Merritt
Merritt,Merritt
Merritt,Merritt
Merritt,Merritt
Peterson,Merritt
Auken,Merritt
Merritt,Merritt
Merritt,Merritt
Messick,Messick
Messick,Messick
Messick,Messick
Messick,Messick
Messick,Messick
Messick,Messick
Messick,Messick
Mitchell,Mitchell
Mitchell,Mitchell
Mitchell,Mitchell
Mitchell,Mitchell
Mitchell,Mitchell
Mitchell,Mitchell
Morrison,Morrison
Morrison,Morrison
Morrison,Morrison
Morrison,Morrison
Morrison,Morrison
Morrison,Morrison
Morrison,Morrison
Morrison,Morrison
Morrison,Morrison
Neal,Neal
Neal,Neal
Chandler,Neal
Neal,Neal
Blankenship,Neal
Neal,Neal
Neal,Neal
Neal,Neal
Neal,Neal
Nigam,Nigam
Nigam,Nigam
Vernon,Nigam
Comdet,Nigam
Comdet,Nigam
Davisson,Nigam
Nigam,Nigam
Peterson,Peterson
Peterson,Peterson
Peterson,Peterson
Lovitt,Power
Power,Power
Power,Power
Power,Power
Power,Power
Power,Power
Power,Power
Power,Power
Power,Power
Corn,Riley
Chandler,Riley
Blankenship,Riley
Riley,Riley
Riley,Riley
Riley,Riley
Riley,Riley
Riley,Riley
Chandler,Riley
Robert,Robert
Robert,Robert
Robert,Robert
Robert,Robert
Bukowsky,Robert
Robert,Robert
Robert,Robert
Robert,Robert
Shea,Shea
Shea,Shea
Shea,Shea
Brown,Shea
Davisson,Shea
Shea,Shea
Shea,Shea
Lovitt,Shea
Shea,Shea
Shea,Shea
Chandler,Sherwin
Sherwin,Sherwin
Chandler,Sherwin
Sherwin,Sherwin
Chandler,Sherwin
Dent,Sherwin
Nigam,Sherwin
Chandler,Sherwin
Sherwin,Sherwin
Sherwin,Sherwin
Sherwin,Sherwin
Sherwin,Sherwin
Chandler,Sherwin
Taylor,Taylor
Taylor,Taylor
Taylor,Taylor
Taylor,Taylor
Taylor,Taylor
Taylor,Taylor
Taylor,Taylor
Taylor,Taylor
Vernon,Vernon
Vernon,Vernon
Wilson,Vernon
Vernon,Vernon
Vernon,Vernon
Vision,Vision
Harp,Vision
Goonan,Vision
Vision,Vision
Vision,Vision
Davisson,Vision
Vision,Vision
Walters,Walters
Walters,Walters
Walters,Walters
Walters,Walters
Walters,Walters
Walters,Walters
Walters,Walters
Wilson,Wilson
Walters,Wilson
Wilson,Wilson
Wilson,Wilson
Lovitt,Wilson
Wilson,Wilson
Wilson,Wilson
Wilson,Wilson
Wilson,Wilson
Wilson,Wilson
Wilson,Wilson
Wilson,Wilson
